Color,Shape,Pattern,Label
Brown,Square,Stripes,Lion
Orange,Circular,Spots,Tiger
Grey,Oval,Spots,Leopard
Tan,Oval,No Spots,Cheetah
Yellow,Circular,No Spots,Cheetah
Black,Square,No Spots,Panther
White,Oval,No Spots,Cheetah
Red,Square,Stripes,Lion
Black,Circular,Spots,Tiger
Brown,Oval,Stripes,Lion
Yellow,Circular,No Spots,Tiger
White,Oval,No Spots,Cheetah
Orange,Square,Spots,Tiger
Brown,Circular,Stripes,Lion
Grey,Oval,Stripes,Leopard
Brown,Square,No Spots,Panther
Orange,Circular,Spots,Tiger
Yellow,Oval,No Spots,Cheetah
White,Circular,Spots,Panther
Black,Oval,Stripes,Lion
Grey,Square,Spots,Tiger
Brown,Circular,No Spots,Cheetah
Red,Oval,Stripes,Lion
Black,Square,No Spots,Panther
Brown,Oval,Stripes,Lion
Yellow,Circular,No Spots,Cheetah
Black,Square,No Spots,Panther
Grey,Oval,Spots,Leopard
Tan,Oval,No Spots,Cheetah
White,Oval,No Spots,Cheetah
Red,Square,Stripes,Lion
Orange,Circular,Spots,Tiger
Grey,Oval,Stripes,Leopard
Brown,Square,Stripes,Lion
Orange,Circular,Spots,Tiger
Tan,Oval,No Spots,Cheetah
Yellow,Circular,No Spots,Cheetah
Black,Square,No Spots,Panther
White,Oval,No Spots,Cheetah
Grey,Square,Spots,Tiger
Brown,Circular,Stripes,Lion
Yellow,Oval,No Spots,Cheetah
White,Circular,Spots,Panther
Black,Oval,Stripes,Lion
Grey,Square,Spots,Tiger
Brown,Circular,No Spots,Cheetah
Red,Oval,Stripes,Lion
Black,Square,No Spots,Panther
Grey,Oval,Spots,Leopard
Tan,Oval,No Spots,Cheetah
White,Oval,No Spots,Cheetah
Red,Square,Stripes,Lion
Orange,Circular,Spots,Tiger
Grey,Oval,Stripes,Leopard
Brown,Square,Stripes,Lion
Orange,Circular,Spots,Tiger
Tan,Oval,No Spots,Cheetah
Yellow,Circular,No Spots,Cheetah
Black,Square,No Spots,Panther
White,Oval,No Spots,Cheetah
Grey,Square,Spots,Tiger
Brown,Circular,Stripes,Lion
Yellow,Oval,No Spots,Cheetah
White,Circular,Spots,Panther
Black,Oval,Stripes,Lion
Grey,Square,Spots,Tiger
Brown,Circular,No Spots,Cheetah
Red,Oval,Stripes,Lion
Black,Square,No Spots,Panther
Grey,Oval,Spots,Leopard
Tan,Oval,No Spots,Cheetah
White,Oval,No Spots,Cheetah
Red,Square,Stripes,Lion
Orange,Circular,Spots,Tiger
Grey,Oval,Stripes,Leopard
Brown,Square,Stripes,Lion
Orange,Circular,Spots,Tiger
Tan,Oval,No Spots,Cheetah
Yellow,Circular,No Spots,Cheetah
Black,Square,No Spots,Panther
White,Oval,No Spots,Cheetah
Grey,Square,Spots,Tiger
Brown,Circular,Stripes,Lion
Yellow,Oval,No Spots,Cheetah
White,Circular,Spots,Panther
Black,Oval,Stripes,Lion
Grey,Square,Spots,Tiger
Brown,Circular,No Spots,Cheetah
Red,Oval,Stripes,Lion
Black,Square,No Spots,Panther
Grey,Oval,Spots,Leopard
Tan,Oval,No Spots,Cheetah
White,Oval,No Spots,Cheetah
Brown,Circular,Stripes,Lion
Yellow,Oval,No Spots,Cheetah
White,Circular,Spots,Panther
Black,Oval,Stripes,Lion
Grey,Square,Spots,Tiger
Brown,Circular,No Spots,Cheetah
Red,Oval,Stripes,Lion
Black,Square,No Spots,Panther
Brown,Circular,No Spots,Cheetah
Red,Oval,Stripes,Lion
Black,Square,No Spots,Panther
Grey,Oval,Spots,Leopard
Tan,Oval,No Spots,Cheetah
Grey,Oval,Spots,Leopard
