Customer ID,Gender,Age,Contract Type,Internet Service,Monthly Charges,Total Charges,Payment Method
176,Female,22,One-year,Fiber optic,80.0,1000.0,Electronic check
177,Male,39,Month-to-month,DSL,65.0,400.0,Credit card
178,Female,34,Two-year,Fiber optic,85.0,1400.0,Electronic check
179,Male,50,One-year,Fiber optic,90.0,2200.0,Credit card
180,Female,27,Month-to-month,Fiber optic,75.0,150.0,Electronic check
181,Male,35,Two-year,Fiber optic,80.0,1600.0,Credit card
182,Female,26,One-year,DSL,30.0,400.0,Electronic check
183,Male,41,Month-to-month,Fiber optic,85.0,900.0,Electronic check
184,Female,54,Two-year,Fiber optic,95.0,2100.0,Electronic check
185,Male,33,One-year,Fiber optic,90.0,1100.0,Electronic check
186,Female,49,Month-to-month,Fiber optic,85.0,900.0,Bank transfer
187,Male,58,Two-year,Fiber optic,75.0,1800.0,Electronic check
188,Female,24,One-year,DSL,60.0,700.0,Electronic check
189,Male,40,Month-to-month,Fiber optic,85.0,1200.0,Electronic check
190,Female,45,Two-year,Fiber optic,90.0,2000.0,Credit card
191,Male,36,Month-to-month,Fiber optic,75.0,800.0,Electronic check
192,Female,52,One-year,Fiber optic,85.0,1500.0,Credit card
193,Male,30,Two-year,DSL,60.0,1500.0,Bank transfer
194,Female,56,Month-to-month,DSL,50.0,500.0,Credit card
195,Male,38,Two-year,Fiber optic,75.0,1700.0,Electronic check
196,Female,43,One-year,Fiber optic,80.0,1100.0,Electronic check
197,Male,61,Month-to-month,Fiber optic,85.0,800.0,Credit card
198,Female,29,Two-year,Fiber optic,75.0,1400.0,Credit card
199,Male,45,One-year,Fiber optic,90.0,1600.0,Electronic check
200,Female,31,Month-to-month,DSL,55.0,600.0,Electronic check
