Color,Shape,Pattern
Brown,Square,Stripes
Orange,Circular,Spots
Grey,Oval,Spots
Tan,Oval,No Spots
Yellow,Circular,No Spots
Black,Square,No Spots
White,Oval,No Spots
Red,Square,Stripes
Black,Circular,Spots
Brown,Oval,Stripes
Yellow,Circular,No Spots
White,Oval,No Spots
Orange,Square,Spots
Brown,Circular,Stripes
Grey,Oval,Stripes
Brown,Square,No Spots
Orange,Circular,Spots
Yellow,Oval,No Spots
White,Circular,Spots
Black,Oval,Stripes
Grey,Square,Spots
Brown,Circular,No Spots
Red,Oval,Stripes
Black,Square,No Spots
Brown,Oval,Stripes
Yellow,Circular,No Spots
Black,Square,No Spots
Grey,Oval,Spots
Tan,Oval,No Spots
White,Oval,No Spots
Red,Square,Stripes
Orange,Circular,Spots
Grey,Oval,Stripes
Brown,Square,Stripes
Orange,Circular,Spots
Tan,Oval,No Spots
Yellow,Circular,No Spots
Black,Square,No Spots
White,Oval,No Spots
Grey,Square,Spots
Brown,Circular,Stripes
Yellow,Oval,No Spots
White,Circular,Spots
Black,Oval,Stripes
Grey,Square,Spots
Brown,Circular,No Spots
Red,Oval,Stripes
Black,Square,No Spots
Grey,Oval,Spots
Tan,Oval,No Spots
White,Oval,No Spots
