Customer ID,Gender,Age,Contract Type,Internet Service,Monthly Charges,Total Charges,Payment Method,Churn
101,Male,45,Month-to-month,DSL,55.00,300.00,Electronic check,Yes
102,Female,32,One-year,Fiber optic,85.00,900.00,Credit card,Yes
103,Male,26,Month-to-month,DSL,50.00,150.00,Bank transfer,Yes
104,Female,70,Two-year,DSL,20.00,1200.00,Electronic check,Yes
105,Male,55,One-year,Fiber optic,95.00,1800.00,Electronic check,Yes
106,Female,39,Two-year,Fiber optic,75.00,600.00,Credit card,No
107,Male,62,Two-year,DSL,60.00,1400.00,Bank transfer,Yes
108,Female,48,One-year,Fiber optic,80.00,800.00,Credit card,No
109,Male,51,One-year,Fiber optic,90.00,1000.00,Electronic check,Yes
110,Female,28,Month-to-month,DSL,25.00,50.00,Credit card,No
111,Male,41,One-year,Fiber optic,85.00,950.00,Electronic check,Yes
112,Female,37,Two-year,DSL,65.00,1100.00,Electronic check,Yes
113,Male,50,Two-year,Fiber optic,75.00,1500.00,Bank transfer,Yes
114,Female,65,Month-to-month,Fiber optic,30.00,300.00,Credit card,Yes
115,Male,52,One-year,Fiber optic,90.00,1200.00,Electronic check,No
116,Female,23,Month-to-month,DSL,50.00,100.00,Credit card,No
117,Male,36,Month-to-month,Fiber optic,80.00,600.00,Electronic check,Yes
118,Female,58,Two-year,DSL,60.00,1500.00,Bank transfer,No
119,Male,34,Month-to-month,Fiber optic,25.00,500.00,Electronic check,Yes
120,Female,49,One-year,Fiber optic,95.00,1600.00,Credit card,Yes
121,Male,42,Two-year,Fiber optic,85.00,1800.00,Electronic check,Yes
122,Female,31,Month-to-month,Fiber optic,30.00,450.00,Credit card,No
123,Male,27,One-year,Fiber optic,75.00,900.00,Electronic check,No
124,Female,47,One-year,DSL,55.00,700.00,Bank transfer,No
125,Male,63,Two-year,Fiber optic,95.00,2200.00,Credit card,Yes
126,Female,22,Month-to-month,Fiber optic,80.00,120.00,Electronic check,No
127,Male,39,One-year,Fiber optic,90.00,1800.00,Bank transfer,No
128,Female,54,Month-to-month,DSL,50.00,1000.00,Electronic check,No
129,Male,33,One-year,Fiber optic,85.00,1500.00,Credit card,Yes
130,Female,60,Two-year,DSL,60.00,1300.00,Electronic check,No
131,Male,29,Month-to-month,Fiber optic,75.00,250.00,Credit card,Yes
132,Female,25,One-year,DSL,20.00,400.00,Electronic check,No
133,Male,44,Two-year,Fiber optic,95.00,1900.00,Bank transfer,Yes
134,Female,59,One-year,Fiber optic,85.00,1400.00,Electronic check,No
135,Male,40,Month-to-month,DSL,55.00,600.00,Credit card,Yes
136,Female,35,One-year,DSL,30.00,750.00,Bank transfer,No
137,Male,53,Two-year,Fiber optic,75.00,1600.00,Electronic check,No
138,Female,30,Month-to-month,DSL,50.00,300.00,Credit card,No
139,Male,46,Two-year,Fiber optic,85.00,2100.00,Electronic check,No
140,Female,64,One-year,Fiber optic,90.00,2000.00,Credit card,Yes
141,Male,38,Month-to-month,DSL,65.00,350.00,Credit card,Yes
142,Female,43,One-year,Fiber optic,80.00,800.00,Bank transfer,Yes
143,Male,61,Two-year,Fiber optic,95.00,2400.00,Electronic check,Yes
144,Female,27,Month-to-month,Fiber optic,20.00,80.00,Credit card,No
145,Male,37,Two-year,Fiber optic,75.00,1200.00,Bank transfer,Yes
146,Female,52,One-year,Fiber optic,85.00,1400.00,Electronic check,No
147,Male,33,Month-to-month,DSL,60.00,450.00,Credit card,No
148,Female,45,Two-year,Fiber optic,90.00,2100.00,Electronic check,Yes
149,Male,29,One-year,Fiber optic,25.00,300.00,Credit card,No
150,Female,47,Month-to-month,DSL,50.00,600.00,Credit card,Yes
151,Male,56,Two-year,Fiber optic,85.00,1900.00,Electronic check,No
152,Female,34,One-year,Fiber optic,90.00,1800.00,Electronic check,No
153,Male,50,Month-to-month,DSL,20.00,400.00,Electronic check,Yes
154,Female,63,Two-year,DSL,60.00,1200.00,Bank transfer,Yes
155,Male,42,Month-to-month,Fiber optic,75.00,800.00,Credit card,No
156,Female,31,One-year,Fiber optic,85.00,1200.00,Electronic check,Yes
157,Male,25,Two-year,Fiber optic,95.00,2200.00,Credit card,No
158,Female,48,Month-to-month,DSL,50.00,350.00,Electronic check,No
159,Male,37,Two-year,Fiber optic,80.00,1600.00,Electronic check,No
160,Female,54,One-year,Fiber optic,90.00,1800.00,Electronic check,Yes
161,Male,30,Month-to-month,DSL,65.00,200.00,Credit card,Yes
162,Female,41,Two-year,Fiber optic,85.00,1400.00,Electronic check,No
163,Male,53,One-year,Fiber optic,95.00,2000.00,Credit card,Yes
164,Female,28,Month-to-month,Fiber optic,75.00,900.00,Electronic check,No
165,Male,46,Two-year,Fiber optic,85.00,2000.00,Bank transfer,No
166,Female,23,One-year,DSL,55.00,1000.00,Credit card,Yes
167,Male,60,Month-to-month,Fiber optic,95.00,2400.00,Credit card,Yes
168,Female,25,Two-year,Fiber optic,75.00,1400.00,Electronic check,No
169,Male,41,Month-to-month,Fiber optic,80.00,900.00,Bank transfer,No
170,Female,38,Two-year,Fiber optic,90.00,2000.00,Electronic check,No
171,Male,47,Month-to-month,DSL,55.00,800.00,Credit card,No
172,Female,59,Two-year,Fiber optic,95.00,2400.00,Bank transfer,Yes
173,Male,36,One-year,Fiber optic,85.00,1100.00,Electronic check,No
174,Female,29,Month-to-month,DSL,50.00,300.00,Credit card,Yes
175,Male,53,Two-year,Fiber optic,75.00,1600.00,Credit card,No
176,Female,22,One-year,Fiber optic,80.00,1000.00,Electronic check,No
177,Male,39,Month-to-month,DSL,65.00,400.00,Credit card,Yes
178,Female,34,Two-year,Fiber optic,85.00,1400.00,Electronic check,Yes
179,Male,50,One-year,Fiber optic,90.00,2200.00,Credit card,No
180,Female,27,Month-to-month,Fiber optic,75.00,150.00,Electronic check,Yes
181,Male,35,Two-year,Fiber optic,80.00,1600.00,Credit card,Yes
182,Female,26,One-year,DSL,30.00,400.00,Electronic check,No
183,Male,41,Month-to-month,Fiber optic,85.00,900.00,Electronic check,Yes
184,Female,54,Two-year,Fiber optic,95.00,2100.00,Electronic check,Yes
185,Male,33,One-year,Fiber optic,90.00,1100.00,Electronic check,No
186,Female,49,Month-to-month,Fiber optic,85.00,900.00,Bank transfer,Yes
187,Male,58,Two-year,Fiber optic,75.00,1800.00,Electronic check,Yes
188,Female,24,One-year,DSL,60.00,700.00,Electronic check,No
189,Male,40,Month-to-month,Fiber optic,85.00,1200.00,Electronic check,No
190,Female,45,Two-year,Fiber optic,90.00,2000.00,Credit card,No
191,Male,36,Month-to-month,Fiber optic,75.00,800.00,Electronic check,Yes
192,Female,52,One-year,Fiber optic,85.00,1500.00,Credit card,No
193,Male,30,Two-year,DSL,60.00,1500.00,Bank transfer,Yes
194,Female,56,Month-to-month,DSL,50.00,500.00,Credit card,No
195,Male,38,Two-year,Fiber optic,75.00,1700.00,Electronic check,Yes
196,Female,43,One-year,Fiber optic,80.00,1100.00,Electronic check,No
197,Male,61,Month-to-month,Fiber optic,85.00,800.00,Credit card,No
198,Female,29,Two-year,Fiber optic,75.00,1400.00,Credit card,Yes
199,Male,45,One-year,Fiber optic,90.00,1600.00,Electronic check,Yes
200,Female,31,Month-to-month,DSL,55.00,600.00,Electronic check,No