laptop_ID,Company,Product,TypeName,Inches,ScreenResolution,Cpu,Ram,Memory,Gpu,OpSys,Weight
991,Asus,Q534UX-BHI7T19 (i7-7500U/16GB/2TB,2 in 1 Convertible,15.6,4K Ultra HD / Touchscreen 3840x2160,Intel Core i7 7500U 2.7GHz,16GB,512GB SSD +  2TB HDD,Nvidia GeForce GTX 950M,Windows 10,2.3kg
992,HP,15-bs053od (i7-7500U/6GB/1TB/W10),Notebook,15.6,1366x768,Intel Core i7 7500U 2.7GHz,6GB,1TB HDD,Intel HD Graphics 620,Windows 10,2.04kg
993,Asus,Rog GL753VE-DS74,Gaming,17.3,Full HD 1920x1080,Intel Core i7 7700HQ 2.8GHz,16GB,256GB SSD +  1TB HDD,Nvidia GeForce GTX 1050 Ti,Windows 10,2.99kg
994,Dell,Inspiron 7579,2 in 1 Convertible,15.6,IPS Panel Full HD / Touchscreen 1920x1080,Intel Core i7 7500U 2.7GHz,12GB,512GB SSD,Intel HD Graphics 620,Windows 10,2.19kg
995,Toshiba,Portege Z30-C-1CV,Notebook,13.3,Full HD 1920x1080,Intel Core i5 6200U 2.3GHz,4GB,128GB SSD,Intel HD Graphics 520,Windows 7,1.2kg
996,Lenovo,IdeaPad 320-15ABR,Notebook,15.6,Full HD 1920x1080,AMD A12-Series 9720P 3.6GHz,6GB,256GB SSD,AMD Radeon 530,Windows 10,2.2kg
997,Fujitsu,LifeBook A556,Notebook,15.6,1366x768,Intel Core i5 6200U 2.3GHz,4GB,256GB SSD,Intel HD Graphics 520,Windows 10,2.3kg
998,Toshiba,Tecra A40-C-1KF,Notebook,14.0,1366x768,Intel Core i5 6200U 2.3GHz,4GB,500GB HDD,Intel HD Graphics 520,Windows 10,1.75kg
999,Dell,Inspiron 3567,Notebook,15.6,1366x768,Intel Core i5 7200U 2.5GHz,4GB,500GB HDD,AMD Radeon R5 M430,Windows 10,2.25kg
1000,HP,Probook 450,Notebook,15.6,Full HD 1920x1080,Intel Core i5 7200U 2.5GHz,8GB,1TB HDD,Intel HD Graphics 620,Windows 10,2.04kg
1001,Lenovo,Legion Y520-15IKBN,Gaming,15.6,IPS Panel Full HD 1920x1080,Intel Core i7 7700HQ 2.8GHz,8GB,128GB SSD +  1TB HDD,Nvidia GeForce GTX 1060,Windows 10,2.5kg
1002,Dell,Inspiron 5567,Notebook,15.6,1366x768,Intel Core i7 7500U 2.7GHz,8GB,1TB HDD,AMD Radeon R7 M445,Windows 10,2.36kg
1003,Dell,Latitude 5480,Notebook,14.0,Full HD 1920x1080,Intel Core i5 7200U 2.5GHz,8GB,128GB SSD,Intel HD Graphics 620 ,Windows 10,1.6kg
1004,HP,EliteBook Folio,Netbook,12.5,Full HD 1920x1080,Intel Core M 6Y75 1.2GHz,8GB,512GB SSD,Intel HD Graphics 515,Windows 10,0.97kg
1005,HP,15-bs005nv (i3-6006U/4GB/1TB,Notebook,15.6,Full HD 1920x1080,Intel Core i3 6006U 2GHz,4GB,128GB SSD +  1TB HDD,AMD Radeon 520,Windows 10,2.1kg
1006,Lenovo,V110-15IAP (N3350/4GB/128GB/No,Notebook,15.6,1366x768,Intel Celeron Dual Core N3350 1.1GHz,4GB,128GB SSD,Intel HD Graphics 500,No OS,1.9kg
1007,Lenovo,ThinkPad T560,Notebook,15.6,Full HD 1920x1080,Intel Core i5 6200U 2.3GHz,8GB,256GB SSD,Intel HD Graphics 520,Windows 10,2.3kg
1008,Dell,Inspiron 5378,2 in 1 Convertible,13.3,Full HD / Touchscreen 1920x1080,Intel Core i5 7200U 2.5GHz,8GB,256GB SSD,Intel HD Graphics 620,Windows 10,1.68kg
1009,Asus,ZenBook UX310UA-FB485T,Notebook,13.3,Quad HD+ 3200x1800,Intel Core i5 7200U 2.5GHz,8GB,256GB SSD,Intel HD Graphics 620,Windows 10,1.4kg
1010,HP,Spectre 13-V111dx,Ultrabook,13.3,IPS Panel Full HD / Touchscreen 1920x1080,Intel Core i7 7500U 2.7GHz,8GB,256GB SSD,Intel HD Graphics 620,Windows 10,1.11kg
1011,Acer,Aspire ES1-533,Notebook,15.6,1366x768,Intel Pentium Quad Core N4200 1.1GHz,4GB,500GB HDD,Intel HD Graphics 505,Windows 10,2.4kg
1012,Asus,Rog GL553VE-DS74,Gaming,15.6,Full HD 1920x1080,Intel Core i7 7700HQ 2.8GHz,16GB,256GB SSD +  1TB HDD,Nvidia GeForce GTX 1050 Ti,Windows 10,2.5kg
1013,HP,EliteBook 840,Ultrabook,14.0,Full HD 1920x1080,Intel Core i7 7500U 2.7GHz,8GB,512GB SSD,Intel HD Graphics 620,Windows 10,1.48kg
1014,Acer,Nitro 5,Gaming,15.6,IPS Panel Full HD 1920x1080,Intel Core i7 7700HQ 2.8GHz,8GB,128GB SSD +  1TB HDD,Nvidia GeForce GTX 1050,Windows 10,2.7kg
1015,HP,ENVY -,Notebook,13.3,IPS Panel Full HD 1920x1080,Intel Core i5 7200U 2.5GHz,8GB,256GB SSD,Intel HD Graphics 620,Windows 10,1.34kg
1016,Dell,Vostro 3568,Notebook,15.6,1366x768,Intel Core i3 7100U 2.4GHz,4GB,128GB SSD,Intel HD Graphics 620,Windows 10,2.18kg
1017,HP,Probook 440,Notebook,14.0,1366x768,Intel Core i5 7200U 2.5GHz,4GB,500GB HDD,Intel HD Graphics 620,Windows 10,1.64kg
1018,Toshiba,Portege Z30-C-16H,Notebook,13.3,Full HD 1920x1080,Intel Core i5 6200U 2.3GHz,4GB,128GB SSD,Intel HD Graphics 520,Windows 10,1.2kg
1019,HP,EliteBook 840,Notebook,14.0,1366x768,Intel Core i5 6300U 2.4GHz,4GB,256GB SSD,Intel HD Graphics 520,Windows 10,1.48kg
1020,HP,ProBook 640,Notebook,14.0,Full HD 1920x1080,Intel Core i5 7200U 2.5GHz,4GB,256GB SSD,Intel HD Graphics 620,Windows 10,1.95kg
1021,HP,EliteBook 1040,Ultrabook,14.0,Full HD 1920x1080,Intel Core i7 6600U 2.6GHz,8GB,256GB SSD,Intel HD Graphics 520,Windows 7,1.43kg
1022,HP,ProBook 440,Notebook,14.0,Full HD 1920x1080,Intel Core i5 7200U 2.5GHz,8GB,256GB SSD,Nvidia GeForce 930MX,Windows 10,1.64kg
1023,HP,Probook 440,Notebook,14.0,1366x768,Intel Core i3 7100U 2.4GHz,4GB,500GB HDD,Intel HD Graphics 620,Windows 10,1.64kg
1024,Dell,Inspiron 7567,Gaming,15.6,Full HD 1920x1080,Intel Core i5 7300HQ 2.5GHz,8GB,1.0TB Hybrid,Nvidia GeForce GTX 1050,Windows 10,2.65kg
1025,HP,EliteBook 820,Ultrabook,12.5,Full HD 1920x1080,Intel Core i5 7200U 2.5GHz,4GB,500GB HDD,Intel HD Graphics 620,Windows 10,1.26kg
1026,HP,Elitebook 840,Notebook,14.0,Full HD 1920x1080,Intel Core i5 7200U 2.5GHz,4GB,256GB SSD,Intel HD Graphics 620,Windows 10,1.48kg
1027,HP,EliteBook 840,Ultrabook,14.0,Full HD 1920x1080,Intel Core i7 6500U 2.5GHz,8GB,256GB SSD,Intel HD Graphics 520,Windows 10,1.54kg
1028,HP,Probook 430,Notebook,13.3,1366x768,Intel Core i3 7100U 2.4GHz,4GB,500GB HDD,Intel HD Graphics 620,Windows 10,1.49kg
1029,Toshiba,Portege A30-C-1CZ,Notebook,13.3,1366x768,Intel Core i5 6200U 2.3GHz,8GB,256GB SSD,Intel HD Graphics 520,Windows 10,1.5kg
1030,HP,ProBook 450,Notebook,15.6,1366x768,Intel Core i3 7100U 2.4GHz,4GB,256GB SSD,Intel HD Graphics 620,Windows 10,2.04kg
1031,Lenovo,ThinkPad P70,Notebook,17.3,IPS Panel 4K Ultra HD 3840x2160,Intel Core i7 6820HQ 2.7GHz,16GB,512GB SSD,Nvidia Quadro 3000M,Windows 7,2.4kg
1032,Toshiba,Tecra Z40-C-12Z,Notebook,14.0,IPS Panel Full HD 1920x1080,Intel Core i5 6200U 2.3GHz,8GB,256GB SSD,Intel HD Graphics 520,Windows 10,1.47kg
1033,HP,EliteBook 1040,Notebook,14.0,Full HD 1920x1080,Intel Core i7 6500U 2.5GHz,8GB,256GB SSD,Intel HD Graphics 520,Windows 10,1.43kg
1034,Dell,Inspiron 5568,2 in 1 Convertible,15.6,IPS Panel Full HD / Touchscreen 1920x1080,Intel Core i3 6100U 2.3GHz,4GB,1TB HDD,Intel HD Graphics 520,Windows 10,2.08kg
1035,Toshiba,Portégé Z30-C-16K,Ultrabook,13.3,Full HD 1920x1080,Intel Core i5 6200U 2.3GHz,8GB,256GB SSD,Intel HD Graphics 520,Windows 10,1.2kg
1036,HP,Spectre 13-V100nv,Notebook,13.3,IPS Panel Full HD 1920x1080,Intel Core i5 7200U 2.5GHz,8GB,256GB SSD,Intel HD Graphics 620,Windows 10,1.11kg
1037,HP,ProBook 440,Notebook,14.0,Full HD 1920x1080,Intel Core i7 7500U 2.7GHz,8GB,256GB SSD,Nvidia GeForce 930MX,Windows 10,1.64kg
1038,Dell,Latitude E5570,Notebook,15.6,Full HD 1920x1080,Intel Core i5 6300U 2.4GHz,8GB,500GB HDD,Intel HD Graphics 520,Windows 10,2.09kg
1039,HP,Elitebook 820,Ultrabook,12.5,1366x768,Intel Core i5 7200U 2.5GHz,4GB,256GB SSD,Intel HD Graphics 620,Windows 10,1.26kg
1040,HP,ProBook 650,Notebook,14.0,1366x768,Intel Core i5 7200U 2.5GHz,4GB,500GB HDD,Intel HD Graphics 620,Windows 10,2.31kg
1041,HP,ProBook 640,Notebook,14.0,1366x768,Intel Core i5 7200U 2.5GHz,4GB,500GB HDD,Intel HD Graphics 620,Windows 10,1.95kg
1042,Dell,XPS 13,Ultrabook,13.3,Quad HD+ / Touchscreen 3200x1800,Intel Core i5 7200U 2.5GHz,8GB,256GB SSD,Intel HD Graphics 620,Windows 10,1.29kg
1043,HP,Probook 470,Notebook,17.3,Full HD 1920x1080,Intel Core i5 7200U 2.5GHz,8GB,256GB SSD,Nvidia GeForce 930MX,Windows 10,2.63kg
1044,HP,ProBook 440,Notebook,14.0,1366x768,Intel Core i5 7200U 2.5GHz,4GB,256GB SSD,Intel HD Graphics 620,Windows 10,1.64kg
1045,Acer,Aspire 3,Notebook,15.6,1366x768,AMD A9-Series 9420 3GHz,6GB,1TB HDD,AMD Radeon R5,Windows 10,2.1kg
1046,MSI,GL72M 7RDX,Gaming,17.3,Full HD 1920x1080,Intel Core i7 7700HQ 2.8GHz,8GB,128GB SSD +  1TB HDD,Nvidia GeForce GTX 1050,Windows 10,2.7kg
1047,HP,Probook 640,Notebook,14.0,Full HD 1920x1080,Intel Core i5 6200U 2.3GHz,8GB,256GB SSD,Intel HD Graphics 520,Windows 7,1.95kg
1048,HP,EliteBook 850,Notebook,15.6,Full HD 1920x1080,Intel Core i7 6500U 2.5GHz,8GB,256GB SSD,Intel HD Graphics 520,Windows 10,1.84kg
1049,HP,EliteBook 820,Ultrabook,12.5,Full HD 1920x1080,Intel Core i7 6500U 2.5GHz,8GB,256GB SSD,Intel HD Graphics 520,Windows 10,1.26kg
1050,HP,ProBook 450,Notebook,15.6,1366x768,Intel Core i5 7200U 2.5GHz,4GB,500GB HDD,Intel HD Graphics 620,Windows 10,2.04kg
1051,Toshiba,Tecra Z40-C-136,Ultrabook,14.0,IPS Panel Full HD 1920x1080,Intel Core i7 6600U 2.6GHz,8GB,256GB SSD,Intel HD Graphics 520,Windows 10,1.47kg
1052,Dell,Latitude E5570,Notebook,15.6,Full HD 1920x1080,Intel Core i5 6300U 2.4GHz,8GB,256GB SSD,Intel HD Graphics 520,Windows 7,2.09kg
1053,HP,ProBook 440,Notebook,14.0,Full HD 1920x1080,Intel Core i5 7200U 2.5GHz,8GB,256GB SSD,Intel HD Graphics 620,Windows 10,1.64kg
1054,Lenovo,Yoga 500-15ISK,2 in 1 Convertible,15.6,IPS Panel Full HD / Touchscreen 1920x1080,Intel Core i7 6500U 2.5GHz,4GB,256GB SSD,Intel HD Graphics 520,Windows 10,1.8kg
1055,Vero,V142 (X5-Z8350/2GB/32GB/W10),Notebook,14.0,1366x768,Intel Atom X5-Z8350 1.44GHz,2GB,32GB Flash Storage,Intel HD Graphics 400,Windows 10,1.45kg
1056,Toshiba,Tecra A50-C-218,Notebook,15.6,IPS Panel Full HD 1920x1080,Intel Core i7 6500U 2.5GHz,16GB,256GB SSD,Nvidia GeForce 930M,Windows 10,2.4kg
1057,Lenovo,Thinkpad L560,Notebook,15.6,Full HD 1920x1080,Intel Core i5 6200U 2.3GHz,8GB,256GB SSD,Intel HD Graphics 520,Windows 10,2.3kg
1058,HP,EliteBook 840,Notebook,14.0,Full HD 1920x1080,Intel Core i5 6200U 2.3GHz,4GB,500GB HDD,Intel HD Graphics 520,Windows 10,1.54kg
1059,HP,EliteBook 850,Notebook,15.6,Full HD 1920x1080,Intel Core i5 6300U 2.4GHz,8GB,256GB SSD +  500GB HDD,Intel HD Graphics 520,Windows 10,1.84kg
1060,HP,EliteBook 1040,Notebook,14.0,Full HD 1920x1080,Intel Core i5 6200U 2.3GHz,8GB,256GB SSD,Intel HD Graphics 520,Windows 7,1.43kg
1061,MSI,GT72S Dominator,Gaming,17.3,IPS Panel Full HD 1920x1080,Intel Core i7 6820HK 2.7GHz,16GB,256GB SSD +  1TB HDD,Nvidia GeForce GTX 980M,Windows 10,3.78kg
1062,Lenovo,IdeaPad Y900-17ISK,Gaming,17.3,IPS Panel Full HD 1920x1080,Intel Core i7 6700HQ 2.6GHz,16GB,128GB SSD +  1TB HDD,Nvidia GeForce GTX 980M,Windows 10,4.6kg
1063,Asus,Chromebook C202SA,Netbook,11.6,1366x768,Intel Celeron Dual Core N3060 1.6GHz,4GB,16GB Flash Storage,Intel HD Graphics 400,Chrome OS,1.2kg
1064,Lenovo,ThinkPad X1,Notebook,14.0,IPS Panel 2560x1440,Intel Core i7 6600U 2.6GHz,16GB,256GB SSD,Intel HD Graphics 520,Windows 7,1.1kg
1065,HP,Noteb Pav,Notebook,15.6,IPS Panel Full HD 1920x1080,Intel Core i7 7500U 2.7GHz,8GB,1TB HDD,Nvidia GeForce 940MX,Windows 10,1.91kg
1066,Dell,Inspiron 5578,2 in 1 Convertible,15.6,IPS Panel Full HD / Touchscreen 1920x1080,Intel Core i5 7200U 2.7GHz,8GB,256GB SSD,Intel HD Graphics 620,Windows 10,2.3kg
1067,HP,ProBook 450,Notebook,15.6,1366x768,Intel Core i5 7200U 2.5GHz,4GB,256GB SSD,Intel HD Graphics 620,Windows 10,2.04kg
1068,Dell,XPS 13,Ultrabook,13.3,Quad HD+ / Touchscreen 3200x1800,Intel Core i7 7500U 2.7GHz,16GB,1TB SSD,Intel HD Graphics 620,Windows 10,1.2kg
1069,HP,ProBook 650,Notebook,15.6,1366x768,Intel Core i3 6100U 2.3GHz,4GB,500GB HDD,Intel HD Graphics 520,Windows 10,2.31kg
1070,HP,250 G5,Notebook,15.6,1366x768,Intel Core i5 7200U 2.5GHz,4GB,500GB HDD,Intel HD Graphics 620,No OS,1.96kg
1071,Acer,Aspire ES1-523,Notebook,15.6,1366x768,AMD A8-Series 7410 2.2GHz,8GB,1TB HDD,AMD Radeon R5,Windows 10,2.4kg
1072,Dell,Inspiron 7378,2 in 1 Convertible,13.3,IPS Panel Full HD / Touchscreen 1920x1080,Intel Core i7 7500U 2.7GHz,12GB,256GB SSD,Intel HD Graphics 620,Windows 10,1.6kg
1073,MSI,GT62VR 6RD,Gaming,15.6,Full HD 1920x1080,Intel Core i7 6700HQ 2.6GHz,16GB,256GB SSD +  1TB HDD,Nvidia GeForce GTX 1060,Windows 10,2.94kg
1074,HP,ProBook 450,Notebook,15.6,Full HD 1920x1080,Intel Core i7 7500U 2.7GHz,8GB,256GB SSD,Intel HD Graphics 620,Windows 10,2.04kg
1075,Asus,Rog G752VL-GC088D,Gaming,17.3,IPS Panel Full HD 1920x1080,Intel Core i7 6700HQ 2.6GHz,16GB,1TB HDD,Nvidia GeForce GTX 965M,No OS,4kg
1076,Dell,Inspiron 3567,Notebook,15.6,Full HD 1920x1080,Intel Core i5 7200U 2.5GHz,4GB,1TB HDD,Intel HD Graphics,Windows 10,2.25kg
1077,Dell,Inspiron 5567,Notebook,15.6,Full HD 1920x1080,Intel Core i7 7500U 2.7GHz,16GB,2TB HDD,AMD Radeon R7 M445,Windows 10,2.32kg
1079,MSI,GS63VR 6RF,Gaming,15.6,Full HD 1920x1080,Intel Core i7 6700HQ 2.6GHz,16GB,256GB SSD +  1TB HDD,Nvidia GeForce GTX 1060,Windows 10,1.8kg
1080,Dell,XPS 13,Ultrabook,13.3,Full HD 1920x1080,Intel Core i7 7500U 2.7GHz,8GB,256GB SSD,Intel HD Graphics 620,Windows 10,1.29kg
1081,Asus,ROG G701VO,Gaming,17.3,IPS Panel Full HD 1920x1080,Intel Core i7 6820HK 2.7GHz,64GB,1TB SSD,Nvidia GeForce GTX 980 ,Windows 10,3.58kg
1082,Dell,Inspiron 5368,2 in 1 Convertible,13.3,Full HD / Touchscreen 1920x1080,Intel Core i7 6500U 2.5GHz,8GB,256GB SSD,Intel HD Graphics 520,Windows 10,1.62kg
1083,Dell,Alienware 15,Gaming,15.6,4K Ultra HD 3840x2160,Intel Core i7 6700HQ 2.6GHz,16GB,256GB SSD +  1TB HDD,Nvidia GeForce GTX 970M,Windows 10,3.21kg
1084,Apple,"MacBook 12""",Ultrabook,12.0,IPS Panel Retina Display 2304x1440,Intel Core M 1.1GHz,8GB,256GB Flash Storage,Intel HD Graphics 515,Mac OS X,0.920kg
1085,Dell,Latitude 3570,Notebook,15.6,1366x768,Intel Core i3 6100U 2.3GHz,4GB,500GB HDD,Intel HD Graphics 520,Windows 10,2.06kg
1086,HP,ProBook 650,Notebook,15.6,1366x768,Intel Core i5 6200U 2.3GHz,4GB,500GB HDD,Intel HD Graphics 520,Windows 10,2.31kg
1087,HP,EliteBook 820,Ultrabook,12.5,Full HD 1920x1080,Intel Core i5 6200U 2.3GHz,8GB,256GB SSD,Intel HD Graphics 520,Windows 7,1.26kg
1088,HP,ProBook 430,Notebook,13.3,Full HD 1920x1080,Intel Core i7 7500U 2.7GHz,8GB,256GB SSD,Intel HD Graphics 620,Windows 10,1.49kg
1089,Lenovo,ThinkPad Yoga,Ultrabook,12.5,IPS Panel Full HD / Touchscreen 1920x1080,Intel Core i7 6500U 2.5GHz,8GB,256GB SSD,Intel HD Graphics 520,Windows 10,1.3kg
1090,Lenovo,IdeaPad 300-17ISK,Notebook,17.3,1600x900,Intel Core i5 6200U 2.3GHz,8GB,1.0TB HDD,AMD Radeon R5 M330,Windows 10,3.0kg
1091,Lenovo,Ideapad 700-15ISK,Notebook,15.6,IPS Panel Full HD 1920x1080,Intel Core i5 6300HQ 2.3GHz,4GB,1TB HDD,Nvidia GeForce GTX 950M,Windows 10,2.3kg
1092,MSI,GT72VR Dominator,Gaming,17.3,Full HD 1920x1080,Intel Core i7 7700HQ 2.8GHz,16GB,256GB SSD +  1TB HDD,Nvidia GeForce GTX 1070,Windows 10,3.78kg
1093,Lenovo,V110-15ISK (i5-6200U/4GB/500GB/W10),Notebook,15.6,1366x768,Intel Core i5 6200U 2.3GHz,4GB,500GB HDD,Intel HD Graphics 520,Windows 10,2.1kg
1094,HP,Probook 650,Notebook,15.6,Full HD 1920x1080,Intel Core i5 6200U 2.3GHz,4GB,500GB HDD,Intel HD Graphics 520,Windows 7,2.31kg
1095,Lenovo,Yoga 900S-12ISK,Ultrabook,12.5,IPS Panel Touchscreen 2560x1440,Intel Core M 6Y75 1.2GHz,8GB,512GB SSD,Intel HD Graphics 515,Windows 10,0.99kg
1096,Lenovo,IdeaPad Y900-17ISK,Gaming,17.3,IPS Panel Full HD 1920x1080,Intel Core i7 6820HK 2.7GHz,32GB,512GB SSD +  1.0TB Hybrid,Nvidia GeForce GTX 980M,Windows 10,4.6kg
1097,Lenovo,Yoga Book,2 in 1 Convertible,10.1,IPS Panel Touchscreen 1920x1200,Intel Atom x5-Z8550 1.44GHz,4GB,64GB Flash Storage,Intel HD Graphics 400,Windows 10,0.69kg
1098,HP,Spectre x360,Ultrabook,13.3,IPS Panel 4K Ultra HD 3840x2160,Intel Core i7 7500U 2.7GHz,16GB,512GB SSD,Intel HD Graphics 620,Windows 10,1.3kg
1099,Dell,Vostro 3568,Notebook,15.6,Full HD 1920x1080,Intel Core i5 7200U 2.5GHz,8GB,256GB SSD,Intel HD Graphics 620,Windows 10,2.18kg
1100,HP,EliteBook 840,Notebook,14.0,Full HD 1920x1080,Intel Core i5 6200U 2.3GHz,4GB,500GB HDD,Intel HD Graphics 520,Windows 7,1.54kg
1101,HP,ZBook 15u,Workstation,15.6,Full HD 1920x1080,Intel Core i7 6500U 2.5GHz,8GB,256GB SSD,AMD FirePro W4190M,Windows 7,1.9kg
1102,Lenovo,ThinkPad T460,Notebook,14.0,Full HD 1920x1080,Intel Core i5 6200U 2.3GHz,8GB,180GB SSD,Intel HD Graphics 520,Windows 7,1.7kg
1103,HP,Chromebook 13,Notebook,13.3,Quad HD+ 3200x1800,Intel Pentium Dual Core 4405Y 1.5GHz,4GB,32GB Flash Storage,Intel HD Graphics 515,Chrome OS,1.29kg
1104,Acer,Aspire ES1-523,Notebook,15.6,1366x768,AMD A8-Series 7410 2.2GHz,4GB,500GB HDD,AMD Radeon R5,Windows 10,2.4kg
1105,Dell,Inspiron 3552,Notebook,15.6,1366x768,Intel Pentium Quad Core N3700 1.6GHz,4GB,500GB HDD,Intel HD Graphics,Linux,2.2kg
1106,HP,250 G6,Notebook,15.6,1366x768,Intel Core i3 6006U 2GHz,4GB,1TB HDD,Intel HD Graphics 520,No OS,1.86kg
1107,Asus,Rog GL702VM-GC354T,Gaming,17.3,IPS Panel Full HD 1920x1080,Intel Core i7 7700HQ 2.8GHz,8GB,256GB SSD +  1TB HDD,Nvidia GeForce GTX 1060,Windows 10,2.7kg
1108,Dell,Inspiron 5370,Ultrabook,13.3,IPS Panel Full HD 1920x1080,Intel Core i5 8250U 1.6GHz,4GB,256GB SSD,AMD Radeon 530,Windows 10,1.4kg
1109,HP,Elitebook 820,Netbook,12.5,1366x768,Intel Core i5 6200U 2.3GHz,4GB,128GB SSD,Intel HD Graphics 520,Windows 7,2.4kg
1110,Acer,Aspire F5-573G,Notebook,15.6,Full HD 1920x1080,Intel Core i5 7200U 2.5GHz,8GB,256GB SSD +  1TB HDD,Nvidia GeForce GTX 950M,Windows 10,2.4kg
1111,Dell,Inspiron 5567,Notebook,15.6,Full HD 1920x1080,Intel Core i5 7200U 2.5GHz,8GB,1TB HDD,AMD Radeon R7 M445,Windows 10,2.36kg
1112,MSI,GS70 Stealth,Gaming,17.3,Full HD 1920x1080,Intel Core i7 6700HQ 2.6GHz,8GB,256GB SSD,Nvidia GeForce GTX 965M,Windows 10,2.6kg
1113,HP,250 G5,Notebook,15.6,1366x768,Intel Pentium Quad Core N3710 1.6GHz,4GB,1TB HDD,Intel HD Graphics 405,Windows 10,1.96kg
1114,Asus,G752VY-GC162T (i7-6700HQ/16GB/1TB,Gaming,17.3,IPS Panel Full HD 1920x1080,Intel Core i7 6700HQ 2.6GHz,16GB,128GB SSD +  1TB HDD,Nvidia GeForce GTX 980M,Windows 10,4.3kg
1115,Dell,Latitude E5270,Ultrabook,12.5,1366x768,Intel Core i3 6100U 2.3GHz,4GB,500GB HDD,Intel HD Graphics 520,Windows 7,1.5kg
1116,Dell,Latitude E5270,Ultrabook,12.5,1366x768,Intel Core i3 6100U 2.3GHz,4GB,128GB SSD,Intel HD Graphics 520,Windows 7,1.5kg
1117,Acer,Chromebook 15,Notebook,15.6,1366x768,Intel Celeron Dual Core 3205U 1.5GHz,4GB,16GB SSD,Intel HD Graphics,Chrome OS,2.20kg
1118,HP,ZBook 17,Workstation,17.3,IPS Panel Full HD 1920x1080,Intel Core i7 6700HQ 2.6GHz,8GB,1TB HDD,AMD FirePro W6150M,Windows 7,3.0kg
1119,Lenovo,Legion Y520-15IKBN,Gaming,15.6,Full HD 1920x1080,Intel Core i7 7700HQ 2.8GHz,16GB,512GB SSD,Nvidia GeForce GTX 1050 Ti,Windows 10,2.4kg
1120,Dell,Latitude E5270,Ultrabook,12.5,1366x768,Intel Core i5 6200U 2.3GHz,8GB,256GB SSD,Intel HD Graphics 520,Windows 7,1.5kg
1121,MSI,GE72 Apache,Gaming,17.3,Full HD 1920x1080,Intel Core i7 6700HQ 2.6GHz,8GB,128GB SSD +  1TB HDD,Nvidia GeForce GTX 960M,Windows 10,2.9kg
1122,Lenovo,Yoga 500-15ISK,2 in 1 Convertible,15.6,IPS Panel Full HD / Touchscreen 1920x1080,Intel Core i5 6200U 2.3GHz,4GB,256GB SSD,Intel HD Graphics 520,Windows 10,2.1kg
1123,HP,15-bw011nv (A6-9220/4GB/1TB/FHD/W10),Notebook,15.6,Full HD 1920x1080,AMD A6-Series 9220 2.5GHz,4GB,1TB HDD,AMD Radeon R4,Windows 10,2.1kg
1124,Asus,Rog GL552VW-CN470T,Gaming,15.6,IPS Panel Full HD 1920x1080,Intel Core i7 6700HQ 2.6GHz,16GB,128GB SSD +  1TB HDD,Nvidia GeForce GTX 960M,Windows 10,2.59kg
1125,HP,EliteBook 1030,Notebook,13.3,Quad HD+ / Touchscreen 3200x1800,Intel Core M 6Y54 1.1GHz,8GB,256GB SSD,Intel HD Graphics 515,Windows 10,1.16kg
1126,Dell,Vostro 3559,Notebook,15.6,1366x768,Intel Core i5 6200U 2.3GHz,4GB,500GB HDD,AMD Radeon R5 M315,Windows 7,2.24kg
1127,Lenovo,V110-15ISK (i3-6006U/4GB/128GB/W10),Notebook,15.6,1366x768,Intel Core i3 6006U 2.0GHz,4GB,128GB SSD,Intel HD Graphics 520,Windows 10,2.1kg
1128,HP,Spectre Pro,Ultrabook,13.3,Full HD 1920x1080,Intel Core i7 6500U 2.5GHz,8GB,512GB SSD,Intel HD Graphics 520,Windows 10,1.16kg
1129,Lenovo,Yoga Book,2 in 1 Convertible,10.1,IPS Panel Touchscreen 1920x1200,Intel Atom x5-Z8550 1.44GHz,4GB,64GB Flash Storage,Intel HD Graphics 400,Android,0.69kg
1130,Dell,XPS 13,Ultrabook,13.3,Full HD 1920x1080,Intel Core i7 7560U 2.4GHz,8GB,256GB SSD,Intel Iris Plus Graphics 640,Windows 10,1.23kg
1131,Lenovo,IdeaPad Y900-17ISK,Gaming,17.3,IPS Panel Full HD 1920x1080,Intel Core i7 6820HK 2.7GHz,16GB,256GB SSD +  1.0TB Hybrid,Nvidia GeForce GTX 980M,Windows 10,4.6kg
1132,Razer,Blade Stealth,Ultrabook,12.5,Touchscreen / 4K Ultra HD 3840x2160,Intel Core i7 6500U 2.5GHz,8GB,256GB SSD,Intel HD Graphics 520,Windows 10,1.25kg
1133,Toshiba,Portege X30-D-10K,Ultrabook,13.3,Full HD 1920x1080,Intel Core i7 7500U 2.7GHz,16GB,512GB SSD,Intel HD Graphics 620,Windows 10,1.05kg
1134,Asus,Rog GL752VW-T4308T,Gaming,17.3,Full HD 1920x1080,Intel Core i7 6700HQ 2.6GHz,8GB,128GB SSD +  1TB HDD,Nvidia GeForce GTX 960M,Windows 10,3.52kg
1135,Vero,V131 (X5-Z8350/4GB/32GB/FHD/W10),Notebook,13.3,Full HD 1920x1080,Intel Atom X5-Z8350 1.44GHz,4GB,32GB Flash Storage,Intel HD Graphics 400,Windows 10,1.35kg
1136,HP,Spectre Pro,Notebook,13.3,Full HD 1920x1080,Intel Core i5 6200U 2.3GHz,8GB,256GB SSD,Intel HD Graphics 520,Windows 10,1.16kg
1137,HP,EliteBook 1040,Notebook,14.0,Full HD 1920x1080,Intel Core i5 6200U 2.3GHz,8GB,256GB SSD,Intel HD Graphics 520,Windows 7,1.43kg
1138,Dell,Latitude E5570,Notebook,15.6,1366x768,Intel Core i5 6200U 2.3GHz,4GB,500GB HDD,Intel HD Graphics 520,Linux,2.09kg
1139,Asus,VivoBook Max,Notebook,15.6,1366x768,Intel Core i3 7100U 2.4GHz,4GB,1TB HDD,Intel HD Graphics 620,Windows 10,2kg
1140,Lenovo,ThinkPad Yoga,2 in 1 Convertible,14.0,IPS Panel Full HD / Touchscreen 1920x1080,Intel Core i7 6500U 2.5GHz,8GB,256GB SSD,Intel HD Graphics 520,Windows 10,1.8kg
1141,Lenovo,Yoga Book,2 in 1 Convertible,10.1,IPS Panel Touchscreen 1920x1200,Intel Atom x5-Z8550 1.44GHz,4GB,64GB Flash Storage,Intel HD Graphics 400,Windows 10,0.69kg
1142,HP,EliteBook 820,Ultrabook,12.5,1366x768,Intel Core i5 6300U 2.4GHz,8GB,256GB SSD,Intel HD Graphics 520,Windows 7,1.26kg
1143,Lenovo,Legion Y520-15IKBN,Gaming,15.6,IPS Panel Full HD 1920x1080,Intel Core i5 7300HQ 2.5GHz,8GB,128GB SSD +  1TB HDD,Nvidia GeForce GTX 1060,No OS,2.4kg
1144,HP,Omen -,Gaming,17.3,IPS Panel Full HD 1920x1080,Intel Core i5 6300HQ 2.3GHz,8GB,128GB SSD +  1TB HDD,Nvidia GeForce GTX 1060,Windows 10,3.35kg
1145,HP,15-bs078cl (i7-7500U/8GB/2TB/W10),Notebook,15.6,1366x768,Intel Core i7 7500U 2.7GHz,8GB,2TB HDD,Intel HD Graphics 620,Windows 10,2.04kg
1146,Lenovo,ThinkPad P40,2 in 1 Convertible,14.0,IPS Panel Full HD / Touchscreen 1920x1080,Intel Core i7 6600U 2.6GHz,8GB,512GB SSD,Nvidia Quadro M500M,Windows 7,1.8kg
1147,Asus,L403NA-GA013TS (N3350/4GB/32GB/W10),Notebook,14.0,1366x768,Intel Celeron Dual Core N3350 1.1GHz,4GB,32GB Flash Storage,Intel HD Graphics 500,Windows 10,1.5kg
1148,HP,250 G6,Ultrabook,15.6,Full HD 1920x1080,Intel Core i7 7500U 2.7GHz,8GB,256GB SSD,Intel HD Graphics 620,Windows 10,1.84kg
1149,Acer,Aspire E5-576G,Notebook,15.6,Full HD 1920x1080,Intel Core i5 7200U 2.5GHz,4GB,1TB HDD,Nvidia GeForce 940MX,Windows 10,2.23kg
1150,Lenovo,IdeaPad 500-15ISK,Notebook,15.6,Full HD 1920x1080,Intel Core i7 6500U 2.5GHz,16GB,1.0TB Hybrid,AMD Radeon R7 M360,Windows 10,2.5kg
1151,HP,ZBook 17,Workstation,17.3,IPS Panel Full HD 1920x1080,Intel Core i7 6700HQ 2.6GHz,8GB,256GB SSD,Nvidia Quadro M3000M,Windows 7,3kg
1153,Dell,Inspiron 5567,Notebook,15.6,1366x768,Intel Core i5 7200U 2.5GHz,8GB,1TB HDD,AMD Radeon R7 M445,Windows 10,2.5kg
1154,MSI,GT72S Dominator,Gaming,17.3,Full HD 1920x1080,Intel Core i7 6820HQ 2.7GHz,16GB,256GB SSD +  1TB HDD,Nvidia GeForce GTX 980M,Windows 10,3.78kg
1155,HP,EliteBook 850,Ultrabook,15.6,Full HD 1920x1080,Intel Core i7 6500U 2.5GHz,8GB,256GB SSD,Intel HD Graphics 520,Windows 7,1.88kg
1156,Lenovo,ThinkPad X1,2 in 1 Convertible,14.0,IPS Panel Touchscreen 2560x1440,Intel Core i7 6600U 2.6GHz,16GB,512GB SSD,Intel HD Graphics 520,Windows 10,2.8kg
1157,MSI,GP62M 7RDX,Gaming,15.6,Full HD 1920x1080,Intel Core i7 7700HQ 2.8GHz,8GB,128GB SSD +  1TB HDD,Nvidia GeForce GTX 1050,Windows 10,2.4kg
1160,HP,Spectre Pro,2 in 1 Convertible,13.3,Full HD / Touchscreen 1920x1080,Intel Core i5 6300U 2.4GHz,8GB,256GB SSD,Intel HD Graphics 520,Windows 10,1.48kg
1161,HP,ZBook 15,Workstation,15.6,IPS Panel Full HD 1920x1080,Intel Core i7 6700HQ 2.6GHz,8GB,256GB SSD,Nvidia Quadro M1000M,Windows 7,2.59kg
1162,HP,Spectre Pro,2 in 1 Convertible,13.3,Touchscreen 2560x1440,Intel Core i7 6600U 2.6GHz,8GB,256GB SSD,Intel HD Graphics 520,Windows 10,1.48kg
1163,HP,ZBook Studio,Workstation,15.6,Full HD 1920x1080,Intel Core i7 6700HQ 2.6GHz,8GB,256GB SSD,Nvidia Quadro M1000M,Windows 7,2.0kg
1164,HP,EliteBook 820,Ultrabook,12.5,Full HD 1920x1080,Intel Core i7 6500U 2.50GHz,8GB,256GB SSD,Intel HD Graphics 520,Windows 7,1.26kg
1165,Dell,Vostro 5568,Notebook,15.6,Full HD 1920x1080,Intel Core i7 7500U 2.7GHz,8GB,256GB SSD,Nvidia GeForce 940MX,Windows 10,2.18kg
1166,HP,EliteBook 850,Notebook,15.6,Full HD 1920x1080,Intel Core i5 6200U 2.3GHz,8GB,256GB SSD,Intel HD Graphics 520,Windows 7,1.88kg
1167,Lenovo,ThinkPad X1,2 in 1 Convertible,14.0,IPS Panel Touchscreen 2560x1440,Intel Core i7 6500U 2.5GHz,8GB,256GB SSD,Intel HD Graphics 520,Windows 10,1.27kg
1168,Lenovo,V110-15ISK (i3-6006U/4GB/1TB/No,Notebook,15.6,1366x768,Intel Core i3 6006U 2.0GHz,4GB,1TB HDD,Intel HD Graphics 520,No OS,1.9kg
1169,HP,15-BA015wm (E2-7110/4GB/500GB/W10),Notebook,15.6,1366x768,AMD E-Series 7110 1.8GHz,4GB,500GB HDD,AMD Radeon R2 Graphics,Windows 10,1.86kg
1170,Lenovo,B51-80 (i5-6200U/8GB/1TB/Radeon,Notebook,15.6,Full HD 1920x1080,Intel Core i5 6200U 2.3GHz,8GB,1TB HDD,AMD Radeon R5 M330,No OS,2.32kg
1171,Dell,Inspiron 7567,Gaming,15.6,Full HD 1920x1080,Intel Core i7 7700HQ 2.8GHz,8GB,1TB HDD,Nvidia GeForce GTX 1050Ti,Windows 10,2.62kg
1172,Dell,XPS 15,Notebook,15.6,IPS Panel Touchscreen / 4K Ultra HD 3840x2160,Intel Core i5 6300HQ 2.3GHz,8GB,256GB SSD,Nvidia GeForce 960M,Windows 10,2.04kg
1173,HP,15-bw002nv (A6-9220/4GB/256GB/Radeon,Notebook,15.6,Full HD 1920x1080,AMD A6-Series A6-9220 2.5GHz,4GB,256GB SSD,AMD Radeon 520,Windows 10,1.91kg
1174,MSI,GP72M 7REX,Gaming,17.3,Full HD 1920x1080,Intel Core i7 7700HQ 2.8GHz,16GB,256GB SSD +  1TB HDD,Nvidia GeForce GTX 1050 Ti,Windows 10,2.7kg
1175,Lenovo,ThinkPad T460s,Ultrabook,14.0,Full HD 1920x1080,Intel Core i7 6600U 2.6GHz,12GB,512GB SSD,Intel HD Graphics 520,Windows 7,1.4kg
1176,Lenovo,B51-80 (i5-6200U/8GB/1008GB/Radeon,Notebook,15.6,Full HD 1920x1080,Intel Core i5 6200U 2.3GHz,8GB,1.0TB Hybrid,AMD Radeon R5 M330,Windows 10,2.5kg
1177,HP,Spectre Pro,2 in 1 Convertible,13.3,Touchscreen 2560x1440,Intel Core i7 6600U 2.6GHz,8GB,512GB SSD,Intel HD Graphics 520,Windows 10,1.48kg
1178,Lenovo,ThinkPad T460,Ultrabook,14.0,Full HD 1920x1080,Intel Core i7 6600U 2.6GHz,8GB,256GB SSD,Intel HD Graphics 520,Windows 7,1.7kg
1179,MSI,GS40 Phantom,Gaming,14.0,Full HD 1920x1080,Intel Core i7 6700HQ 2.6GHz,16GB,256GB SSD +  1TB HDD,Nvidia GeForce GTX 970M,Windows 10,1.7kg
1180,HP,Pavilion 15-cb003nv,Gaming,15.6,IPS Panel Full HD 1920x1080,Intel Core i7 7700HQ 2.8GHz,8GB,1TB HDD,Nvidia GeForce GTX 1050,Windows 10,2.62kg
1181,Lenovo,IdeaPad 310-15ISK,Notebook,15.6,1366x768,Intel Core i3 6006U 2.0GHz,8GB,1TB HDD,Intel HD Graphics 520,Windows 10,2.2kg
1182,HP,250 G4,Notebook,15.6,1366x768,Intel Core i5 6200U 2.3GHz,4GB,500GB HDD,Intel HD Graphics 520,No OS,2.1kg
1183,Dell,Inspiron 7567,Gaming,15.6,4K Ultra HD 3840x2160,Intel Core i7 7700HQ 2.8GHz,8GB,128GB SSD +  1TB HDD,Nvidia GeForce GTX 1050 Ti,Windows 10,2.62kg
1184,Lenovo,ThinkPad T570,Notebook,15.6,IPS Panel Full HD 1920x1080,Intel Core i5 7200U 2.5GHz,8GB,256GB SSD,Intel HD Graphics 620,Windows 10,1.95kg
1185,Lenovo,320-15ISK (i3-6006U/4GB/1TB/GeForce,Notebook,15.6,Full HD 1920x1080,Intel Core i3 6006U 2GHz,4GB,1TB HDD,Nvidia GeForce 920MX ,Windows 10,2.2kg
1186,HP,Stream 14-AX000nv,Notebook,14.0,1366x768,Intel Celeron Dual Core N3060 1.6GHz,2GB,32GB Flash Storage,Intel HD Graphics 400,Windows 10,1.44kg
1187,MSI,PL60 7RD,Gaming,15.6,IPS Panel Full HD 1920x1080,Intel Core i7 7500U 2.7GHz,8GB,1TB HDD,Nvidia GeForce GTX 1050,Windows 10,2.2kg
1188,HP,250 G5,Notebook,15.6,Full HD 1920x1080,Intel Core i7 6500U 2.5GHz,8GB,256GB SSD,Intel HD Graphics 520,Windows 10,1.96kg
1189,HP,ProBook 450,Notebook,15.6,Full HD 1920x1080,Intel Core i7 8550U 1.8GHz,16GB,512GB SSD,Intel UHD Graphics 620,Windows 10,2.1kg
1190,Asus,X553SA-XX021T (N3050/4GB/500GB/W10),Notebook,15.6,1366x768,Intel Celeron Dual Core N3050 1.6GHz,4GB,500GB HDD,Intel HD Graphics,Windows 10,2.2kg
1191,Lenovo,V110-15ISK (i5-6200U/4GB/500GB/No,Notebook,15.6,1366x768,Intel Core i5 6200U 2.3GHz,4GB,500GB HDD,Intel HD Graphics 520,No OS,2.1kg
1192,Lenovo,IdeaPad 510-15IKB,Notebook,15.6,Full HD 1920x1080,Intel Core i7 7500U 2.7GHz,8GB,1TB HDD,Nvidia GeForce 940MX,No OS,2.2kg
1193,Asus,UX410UA-GV097T (i3-7100U/4GB/256GB/FHD/W10),Notebook,14.0,Full HD 1920x1080,Intel Core i3 7100U 2.4GHz,4GB,256GB SSD,Intel HD Graphics 620,Windows 10,2kg
1194,Lenovo,B51-80 (i7-6500U/4GB/1008GB/FHD/W7),Notebook,15.6,Full HD 1920x1080,Intel Core i7 6500U 2.5GHz,4GB,1.0TB Hybrid,Intel HD Graphics 520,Windows 7,2.32kg
1195,Lenovo,IdeaPad Y700-15ISK,Gaming,15.6,IPS Panel Full HD 1920x1080,Intel Core i7 6700HQ 2.6GHz,16GB,512GB SSD,Nvidia GeForce GTX 960,Windows 10,3.31kg
1196,MSI,GS60 Ghost,Gaming,15.6,Full HD 1920x1080,Intel Core i7 6700HQ 2.6GHz,16GB,128GB SSD +  1TB HDD,Nvidia GeForce GTX 970M,Windows 10,1.91kg
1197,HP,ProBook 450,Notebook,15.6,1366x768,Intel Core i3 6100U 2.3GHz,4GB,500GB HDD,Intel HD Graphics 520,Windows 10,2.07kg
1198,Lenovo,ThinkPad X1,2 in 1 Convertible,14.0,IPS Panel Touchscreen 2560x1440,Intel Core i5 6200U 2.3GHz,8GB,256GB SSD,Intel HD Graphics 520,Windows 10,1.36kg
1199,Lenovo,IdeaPad 310-15IKB,Ultrabook,15.6,Full HD 1920x1080,Intel Core i7 7500U 2.7GHz,6GB,256GB SSD,Nvidia GeForce 920M,Windows 10,1.54kg
1200,Dell,Vostro 5568,Notebook,15.6,Full HD 1920x1080,Intel Core i7 7500U 2.7GHz,8GB,256GB SSD,Nvidia GeForce GT 940MX,Linux,1.98kg
1201,Acer,Aspire 3,Notebook,15.6,1366x768,Intel Celeron Dual Core N3350 2GHz,4GB,500GB HDD,Intel HD Graphics 500,Windows 10,2.1kg
1202,HP,Pavilion 15-BC000nv,Notebook,15.6,IPS Panel Full HD 1920x1080,Intel Core i7 6700HQ 2.6GHz,6GB,1TB HDD,Nvidia GeForce GTX 960M,Windows 10,2.18kg
1203,Asus,Rog GL552VW-DM201T,Gaming,15.6,IPS Panel Full HD 1920x1080,Intel Core i7 6700HQ 2.6GHz,8GB,256GB SSD +  1TB HDD,Nvidia GeForce GTX 960M,Windows 10,2.591kg
1204,Dell,Inspiron 5578,2 in 1 Convertible,15.6,Full HD / Touchscreen 1920x1080,Intel Core i7 7500U 2.7GHz,16GB,512GB SSD,Intel HD Graphics 620,Windows 10,2.09kg
1205,Acer,Aspire E5-576G,Notebook,15.6,Full HD 1920x1080,Intel Core i5 7200U 2.5GHz,4GB,256GB SSD,Nvidia GeForce 940MX,Windows 10,2.23kg
1206,Dell,XPS 13,Ultrabook,13.3,Quad HD+ / Touchscreen 3200x1800,Intel Core i5 6300U 2.4GHz,8GB,256GB SSD,Intel HD Graphics 520,Linux,1.23kg
1207,Acer,Predator G9-793,Gaming,17.3,IPS Panel Full HD 1920x1080,Intel Core i7 7700HQ 2.8GHz,16GB,256GB SSD +  1TB HDD,Nvidia GeForce GTX 1070,Windows 10,4.2kg
1208,Lenovo,Legion Y520-15IKBN,Gaming,15.6,IPS Panel Full HD 1920x1080,Intel Core i5 7300HQ 2.5GHz,8GB,1TB HDD,Nvidia GeForce GTX 1050,Windows 10,2.4kg
1209,Samsung,Chromebook Plus,2 in 1 Convertible,12.3,IPS Panel Touchscreen 2400x1600,Samsung Cortex A72&A53 2.0GHz,4GB,32GB Flash Storage,ARM Mali T860 MP4,Chrome OS,1.15kg
1210,HP,250 G6,Notebook,15.6,1366x768,Intel Core i5 7200U 2.5GHz,4GB,500GB HDD,Intel HD Graphics 620,Windows 10,1.86kg
1211,Apple,"MacBook 12""",Ultrabook,12.0,IPS Panel Retina Display 2304x1440,Intel Core M 1.1GHz,8GB,256GB Flash Storage,Intel HD Graphics 5300,Mac OS X,0.920kg
1212,Dell,Inspiron 7378,2 in 1 Convertible,13.3,IPS Panel Full HD / Touchscreen 1920x1080,Intel Core i5 7200U 2.5GHz,8GB,256GB SSD,Intel HD Graphics 620,Windows 10,1.6kg
1213,HP,Pavilion Power,Notebook,15.6,IPS Panel Full HD 1920x1080,Intel Core i7 7700HQ 2.8GHz,12GB,128GB SSD +  1TB HDD,Nvidia GeForce GTX 1050,Windows 10,2.21kg
1214,Lenovo,V110-15ISK (i3-6006U/4GB/1TB/Radeon,Notebook,15.6,1366x768,Intel Core i3 6006U 2GHz,4GB,1TB HDD,AMD Radeon R5 M430,No OS,1.9kg
1215,Asus,Rog G752VY-GC229T,Gaming,17.3,IPS Panel Full HD 1920x1080,Intel Core i7 6700HQ 2.6GHz,16GB,512GB SSD +  1TB HDD,Nvidia GeForce GTX 980M,Windows 10,4.3kg
1216,Acer,Aspire 3,Notebook,15.6,1366x768,Intel Celeron Dual Core N3350 2GHz,4GB,1TB HDD,Intel HD Graphics 500,Linux,2.1kg
1217,MSI,GS73VR 7RF,Gaming,17.3,Full HD 1920x1080,Intel Core i7 7700HQ 2.8GHz,16GB,256GB SSD +  1TB HDD,Nvidia GeForce GTX 1060,Windows 10,2.43kg
1218,Dell,Inspiron 5567,Notebook,15.6,1366x768,Intel Core i3 6006U 2.0GHz,4GB,128GB SSD,AMD Radeon R7 M440,Windows 10,2.3kg
1219,Lenovo,IdeaPad 310-15ISK,Notebook,15.6,1366x768,Intel Core i7 6500U 2.5GHz,8GB,500GB HDD,Nvidia GeForce 920MX,No OS,2.2kg
1220,Dell,Inspiron 5579,2 in 1 Convertible,15.6,Full HD / Touchscreen 1920x1080,Intel Core i7 8550U 1.8GHz,16GB,512GB SSD,Intel UHD Graphics 620,Windows 10,2kg
1221,Dell,XPS 13,Ultrabook,13.3,Quad HD+ / Touchscreen 3200x1800,Intel Core i7 7500U 2.7GHz,16GB,512GB SSD,Intel HD Graphics 620,Windows 10,1.2kg
1222,Asus,FX502VM-DM105T (i7-6700HQ/8GB/1TB/GeForce,Gaming,15.6,Full HD 1920x1080,Intel Core i7 6700HQ 2.6GHz,8GB,1TB HDD,Nvidia GeForce GTX 1060,Windows 10,2.2kg
1223,Dell,Inspiron 5567,Notebook,15.6,Full HD 1920x1080,Intel Core i5 7200U 2.5GHz,8GB,256GB SSD,AMD Radeon R7 M445,Windows 10,2.36kg
1224,HP,15-bs025nv (i5-7200U/8GB/256GB/W10),Notebook,15.6,1366x768,Intel Core i5 7200U 2.5GHz,8GB,256GB SSD,Intel HD Graphics 620,Windows 10,1.91kg
1225,Lenovo,IdeaPad 320-15AST,Notebook,15.6,1366x768,AMD E-Series 9000 2.2GHz,4GB,500GB HDD,AMD Radeon R2 Graphics,Windows 10,2.2kg
1226,Acer,Aspire E5-774G,Notebook,17.3,1600x900,Intel Core i3 6006U 2.0GHz,8GB,1TB HDD,Nvidia GeForce 940MX,Windows 10,3.3kg
1227,Asus,Rog Strix,Gaming,15.6,Full HD 1920x1080,Intel Core i7 7700HQ 2.8GHz,16GB,256GB SSD +  1TB HDD,Nvidia GeForce GTX 1070,Windows 10,2.2kg
1228,Apple,"MacBook 12""",Ultrabook,12.0,IPS Panel Retina Display 2304x1440,Intel Core M 1.2GHz,8GB,512GB Flash Storage,Intel HD Graphics 515,Mac OS X,0.920kg
1229,Asus,FX502VM-AS73 (i7-7700HQ/16GB/1TB,Notebook,15.6,Full HD 1920x1080,Intel Core i7 7700HQ 2.8GHz,16GB,128GB SSD +  1TB HDD,Nvidia GeForce GTX 1060,Windows 10,2.2kg
1230,MSI,GS73VR Stealth,Gaming,17.3,IPS Panel Full HD 1920x1080,Intel Core i7 6700HQ 2.6GHz,16GB,256GB SSD +  1TB HDD,Nvidia GeForce GTX 1060,Windows 10,2.43kg
1231,Dell,Inspiron 7579,2 in 1 Convertible,15.6,IPS Panel Full HD / Touchscreen 1920x1080,Intel Core i5 7200U 2.5GHz,8GB,256GB SSD,Intel HD Graphics 620,Windows 10,2.191kg
1232,Asus,ROG Strix,Gaming,17.3,Full HD 1920x1080,Intel Core i7 7700HQ 2.8GHz,16GB,256GB SSD +  1TB HDD,Nvidia GeForce GTX 1060,Windows 10,2.9kg
1233,Acer,C740-C9QX (3205U/2GB/32GB/Chrome,Netbook,11.6,1366x768,Intel Celeron Dual Core 3205U 1.5GHz,2GB,32GB SSD,Intel HD Graphics,Chrome OS,1.3kg
1234,Acer,E5 774G,Notebook,17.3,1600x900,Intel Core i3 6006U 2GHz,4GB,1TB HDD,Nvidia GeForce 940MX,Windows 10,3.3kg
1235,Lenovo,IdeaPad 320-17IKB,Notebook,17.3,1600x900,Intel Core i5 7200U 2.5GHz,8GB,1TB HDD,Intel HD Graphics 620,No OS,2.8kg
1236,Lenovo,IdeaPad Y700-15ISK,Gaming,15.6,IPS Panel Full HD 1920x1080,Intel Core i7 6700HQ 2.6GHz,8GB,128GB SSD +  1TB HDD,Nvidia GeForce GTX 960<U+039C>,Windows 10,2.6kg
1237,Acer,SP714-51 (i7-7Y75/8GB/256GB/FHD/W10),2 in 1 Convertible,14.0,IPS Panel Full HD / Touchscreen 1920x1080,Intel Core i7 7Y75 1.3GHz,8GB,256GB SSD,Intel HD Graphics 615,Windows 10,1.2kg
1238,Lenovo,Thinkpad T560,Notebook,15.6,IPS Panel Full HD 1920x1080,Intel Core i7 6600U 2.6GHz,8GB,256GB SSD,Intel HD Graphics 520,Windows 10,2.3kg
1239,MSI,GP62MVR 6RF,Gaming,15.6,Full HD 1920x1080,Intel Core i7 6700HQ 2.6GHz,8GB,128GB SSD +  1TB HDD,Nvidia GeForce GTX 1060,Windows 10,2.2kg
1240,HP,15-bw009nv (A12-9720P/6GB/1TB/Radeon,Notebook,15.6,Full HD 1920x1080,AMD A12-Series 9720P 2.7GHz,6GB,1TB HDD,AMD Radeon 530,Windows 10,2.1kg
1241,Dell,Latitude E7270,Ultrabook,12.5,Full HD / Touchscreen 1920x1080,Intel Core i5 6300U 2.4GHz,8GB,256GB SSD,Intel HD Graphics 520,Windows 7,1.26kg
1242,Dell,Inspiron 5578,2 in 1 Convertible,15.0,Full HD / Touchscreen 1920x1080,Intel Core i3 7100U 2.4GHz,4GB,500GB HDD,Intel HD Graphics 620,Windows 10,2.08kg
1243,Asus,X540SA-RBPDN09 (N3710/4GB/1TB/W10),Notebook,15.6,1366x768,Intel Pentium Quad Core N3710 1.6GHz,4GB,1TB HDD,Intel HD Graphics 405,Windows 10,2.65kg
1244,Dell,XPS 13,Ultrabook,13.3,Quad HD+ / Touchscreen 3200x1800,Intel Core i7 7500U 2.7GHz,8GB,256GB SSD,Intel HD Graphics 620,Windows 10,1.29kg
1245,Dell,Vostro 3568,Notebook,15.6,1366x768,Intel Core i5 7200U 2.5GHz,4GB,1TB HDD,Intel HD Graphics 520,Linux,2.18kg
1246,Lenovo,IdeaPad Y700-15ISK,Gaming,15.6,IPS Panel Full HD / Touchscreen 1920x1080,Intel Core i7 6700HQ 2.6GHz,16GB,128GB SSD +  1TB HDD,Nvidia GeForce GTX 960M,Windows 10,2.6kg
1247,MSI,GL62M 7RDX,Gaming,15.6,Full HD 1920x1080,Intel Core i7 7700HQ 2.8GHz,8GB,128GB SSD +  1TB HDD,Nvidia GeForce GTX 1050,Windows 10,2.2kg
1248,Lenovo,ThinkPad Yoga,Netbook,12.5,IPS Panel Full HD / Touchscreen 1920x1080,Intel Core i7 6500U 2.50GHz,16GB,512GB SSD,Intel HD Graphics 520,Windows 10,1.3kg
1249,Razer,Blade Pro,Gaming,14.0,Full HD 1920x1080,Intel Core i7 7700HQ 2.8GHz,16GB,1TB SSD,Nvidia GeForce GTX 1060,Windows 10,1.95kg
1250,Dell,Inspiron 3567,Notebook,15.6,Touchscreen 1366x768,Intel Core i3 7100U 2.4GHz,8GB,1TB HDD,Intel HD Graphics 620,Windows 10,2.3kg
1251,MSI,GE72VR Apache,Gaming,17.3,Full HD 1920x1080,Intel Core i7 7700HQ 2.8GHz,16GB,256GB SSD +  1TB HDD,Nvidia GeForce GTX 1060,Windows 10,2.7kg
1252,Apple,MacBook Air,Ultrabook,11.6,1366x768,Intel Core i5 1.6GHz,4GB,256GB Flash Storage,Intel HD Graphics 6000,Mac OS X,1.08kg
1253,HP,15-bs023nv (i3-6006U/4GB/1TB/FHD/W10),Notebook,15.6,Full HD 1920x1080,Intel Core i3 6006U 2GHz,4GB,1TB HDD,Intel HD Graphics 520,Windows 10,2.1kg
1254,HP,EliteBook 840,Ultrabook,14.0,2560x1440,Intel Core i7 6500U 2.5GHz,8GB,256GB SSD,Intel HD Graphics 520,Windows 7,1.54kg
1255,Dell,Vostro 3559,Notebook,15.6,1366x768,Intel Core i5 6200U 2.3GHz,4GB,500GB HDD,Intel HD Graphics 520,Windows 7,2.24kg
1256,MSI,GL62 6QF,Gaming,15.6,Full HD 1920x1080,Intel Core i7 6700HQ 2.6GHz,8GB,128GB SSD +  1TB HDD,Nvidia GeForce GTX 960M,Windows 10,2.3kg
1257,Lenovo,ThinkPad 13,Notebook,13.3,IPS Panel Full HD 1920x1080,Intel Core i7 7500U 2.7GHz,16GB,512GB SSD,Intel HD Graphics 620,Windows 10,1.4kg
1258,Lenovo,IdeaPad 320-15ABR,Notebook,15.6,Full HD 1920x1080,AMD A12-Series 9720P 3.6GHz,6GB,256GB SSD,AMD Radeon 530,Windows 10,2.2kg
1259,Asus,ZenBook UX310UA-WB71,Ultrabook,13.3,Full HD 1920x1080,Intel Core i7 6500U 2.5GHz,8GB,256GB SSD,Intel HD Graphics 520,Windows 10,1.45kg
1260,Acer,Aspire ES1-572,Notebook,15.6,1366x768,Intel Core i3 6006U 2.0GHz,4GB,500GB HDD,Intel HD Graphics 520,Linux,2.4kg
1261,Dell,Inspiron 7779,2 in 1 Convertible,17.3,Full HD / Touchscreen 1920x1080,Intel Core i7 7500U 2.7GHz,16GB,512GB SSD,Nvidia GeForce 940MX,Windows 10,2.77kg
1262,HP,EliteBook 840,Notebook,14.0,Full HD 1920x1080,Intel Core i5 6200U 2.3GHz,4GB,256GB SSD,Intel HD Graphics 520,Windows 7,1.54kg
1263,Asus,Rog GL553VE-FY052T,Gaming,15.6,IPS Panel Full HD 1920x1080,Intel Core i7 7700HQ 2.8GHz,16GB,256GB SSD +  1TB HDD,Nvidia GeForce GTX 1050 Ti,Windows 10,2.5kg
1264,Dell,Latitude 5480,Notebook,14.0,1366x768,Intel Core i5 7200U 2.5GHz,4GB,500GB HDD,Intel HD Graphics 620,Windows 10,1.6kg
1265,Asus,Rog GL502VS,Gaming,15.6,IPS Panel Full HD 1920x1080,Intel Core i7 6700HQ 2.6GHz,16GB,256GB SSD +  1TB HDD,Nvidia GeForce GTX 1070,Windows 10,2.34kg
1266,Lenovo,V510-15IKB (i5-7200U/8GB/256GB/FHD/No,Notebook,15.6,IPS Panel Full HD 1920x1080,Intel Core i5 7200U 2.5GHz,8GB,256GB SSD,Intel HD Graphics 620,No OS,2.3kg
1267,Dell,XPS 13,2 in 1 Convertible,13.3,Quad HD+ / Touchscreen 3200x1800,Intel Core i5 7Y54 1.2GHz,8GB,256GB SSD,Intel HD Graphics 615,Windows 10,1.24kg
1268,Dell,Inspiron 3552,Notebook,15.6,1366x768,Intel Pentium Quad Core N3710 1.6GHz,4GB,500GB HDD,Intel HD Graphics,Linux,2.2kg
1269,HP,255 G6,Notebook,15.6,1366x768,AMD A6-Series 9220 2.5GHz,4GB,500GB HDD,AMD Radeon R4 Graphics,Windows 10,1.86kg
1270,Lenovo,IdeaPad 310-15ISK,Notebook,15.6,Full HD 1920x1080,Intel Core i3 6100U 2.3GHz,6GB,128GB SSD,Nvidia GeForce 920MX,Windows 10,2.4kg
1271,Lenovo,ThinkPad L460,Notebook,14.0,IPS Panel Full HD 1920x1080,Intel Core i5 6200U 2.3GHz,8GB,256GB SSD,Intel HD Graphics 520,Windows 10,1.9kg
1272,Dell,Inspiron 3552,Notebook,15.6,1366x768,Intel Pentium Quad Core N3700 1.6GHz,4GB,500GB HDD,Intel HD Graphics,Windows 10,2.2kg
1273,Asus,X541NA-GO020T (N3350/4GB/1TB/W10),Notebook,15.6,1366x768,Intel Celeron Dual Core N3350 1.1GHz,4GB,1TB HDD,Intel HD Graphics 500,Windows 10,2kg
1274,Asus,Rog G752VT-GC073T,Gaming,17.3,IPS Panel Full HD 1920x1080,Intel Core i7 6700HQ 2.6GHz,16GB,128GB SSD +  1TB HDD,Nvidia GeForce GTX 970M,Windows 10,4.0kg
1275,Dell,Vostro 3568,Notebook,15.6,1366x768,Intel Core i3 6006U 2GHz,4GB,500GB HDD,Intel HD Graphics 520,Windows 10,2.29kg
1276,Lenovo,B51-80 (i7-6500U/8GB/1008GB/Radeon,Notebook,15.6,Full HD 1920x1080,Intel Core i7 6500U 2.5GHz,8GB,1.0TB Hybrid,AMD Radeon R5 M330,Windows 7,2.32kg
1277,MSI,GE62 Apache,Gaming,15.6,Full HD 1920x1080,Intel Core i7 6700HQ 2.6GHz,8GB,128GB SSD +  1TB HDD,Nvidia GeForce GTX 960M,Windows 10,2.4kg
1278,Lenovo,Yoga 500-14IBD,2 in 1 Convertible,14.0,Full HD / Touchscreen 1920x1080,Intel Core i5 6200U 2.3GHz,4GB,128GB SSD,Intel HD Graphics 520,Windows 10,1.8kg
1279,Asus,ZenBook UX305CA-UBM1,Ultrabook,13.3,IPS Panel Full HD 1920x1080,Intel Core M 6Y30 0.9GHz,8GB,512GB SSD,Intel HD Graphics 515,Windows 10,1.2kg
1280,Dell,Inspiron 3567,Notebook,15.6,1366x768,Intel Core i3 7100U 2.4GHz,6GB,1TB HDD,Intel HD Graphics 620,Windows 10,2.3kg
1281,Acer,Aspire ES1-531,Notebook,15.6,1366x768,Intel Celeron Dual Core N3060 1.6GHz,4GB,500GB HDD,Intel HD Graphics 400,Linux,2.4kg
1282,Dell,Inspiron 3552,Notebook,15.6,1366x768,Intel Celeron Dual Core N3050 1.6GHz,2GB,500GB HDD,Intel HD Graphics,Windows 10,2.20kg
1283,Lenovo,IdeaPad Y700-15ISK,Notebook,15.6,IPS Panel Full HD 1920x1080,Intel Core i7 6700HQ 2.6GHz,8GB,1TB HDD,Nvidia GeForce GTX 960M,Windows 10,2.6kg
1284,HP,Pavilion 15-AW003nv,Notebook,15.6,Full HD 1920x1080,AMD A9-Series 9410 2.9GHz,6GB,1.0TB Hybrid,AMD Radeon R7 M440,Windows 10,2.04kg
1285,Dell,Inspiron 3567,Notebook,15.6,1366x768,Intel Core i7 7500U 2.7GHz,8GB,1TB HDD,AMD Radeon R5 M430,Linux,2.3kg
1286,HP,Stream 11-Y000na,Netbook,11.6,1366x768,Intel Celeron Dual Core N3060 1.6GHz,2GB,32GB Flash Storage,Intel HD Graphics 400,Windows 10,1.17kg
1287,Asus,X556UJ-XO044T (i7-6500U/4GB/500GB/GeForce,Notebook,15.6,1366x768,Intel Core i7 6500U 2.5GHz,4GB,500GB HDD,Nvidia GeForce 920M,Windows 10,2.2kg
1288,Lenovo,Yoga 500-14ISK,2 in 1 Convertible,14.0,IPS Panel Full HD / Touchscreen 1920x1080,Intel Core i7 6500U 2.5GHz,4GB,128GB SSD,Intel HD Graphics 520,Windows 10,1.8kg
1289,Lenovo,Yoga 900-13ISK,2 in 1 Convertible,13.3,IPS Panel Quad HD+ / Touchscreen 3200x1800,Intel Core i7 6500U 2.5GHz,16GB,512GB SSD,Intel HD Graphics 520,Windows 10,1.3kg
1290,Lenovo,IdeaPad 100S-14IBR,Notebook,14.0,1366x768,Intel Celeron Dual Core N3050 1.6GHz,2GB,64GB Flash Storage,Intel HD Graphics,Windows 10,1.5kg
1291,HP,15-AC110nv (i7-6500U/6GB/1TB/Radeon,Notebook,15.6,1366x768,Intel Core i7 6500U 2.5GHz,6GB,1TB HDD,AMD Radeon R5 M330,Windows 10,2.19kg
1292,Asus,X553SA-XX031T (N3050/4GB/500GB/W10),Notebook,15.6,1366x768,Intel Celeron Dual Core N3050 1.6GHz,4GB,500GB HDD,Intel HD Graphics,Windows 10,2.2kg
1293,Asus,ZenBook UX305CA-UBM1,Ultrabook,13.3,IPS Panel Full HD 1920x1080,Intel Core M 6Y30 0.9GHz,8GB,512GB SSD,Intel HD Graphics 515,Windows 10,1.2kg
1294,Dell,Inspiron 3567,Notebook,15.6,1366x768,Intel Core i3 7100U 2.4GHz,6GB,1TB HDD,Intel HD Graphics 620,Windows 10,2.3kg
1295,Acer,Aspire ES1-531,Notebook,15.6,1366x768,Intel Celeron Dual Core N3060 1.6GHz,4GB,500GB HDD,Intel HD Graphics 400,Linux,2.4kg
1296,Dell,Inspiron 3552,Notebook,15.6,1366x768,Intel Celeron Dual Core N3050 1.6GHz,2GB,500GB HDD,Intel HD Graphics,Windows 10,2.20kg
1297,Lenovo,IdeaPad Y700-15ISK,Notebook,15.6,IPS Panel Full HD 1920x1080,Intel Core i7 6700HQ 2.6GHz,8GB,1TB HDD,Nvidia GeForce GTX 960M,Windows 10,2.6kg
1298,HP,Pavilion 15-AW003nv,Notebook,15.6,Full HD 1920x1080,AMD A9-Series 9410 2.9GHz,6GB,1.0TB Hybrid,AMD Radeon R7 M440,Windows 10,2.04kg
1299,Dell,Inspiron 3567,Notebook,15.6,1366x768,Intel Core i7 7500U 2.7GHz,8GB,1TB HDD,AMD Radeon R5 M430,Linux,2.3kg
1300,HP,Stream 11-Y000na,Netbook,11.6,1366x768,Intel Celeron Dual Core N3060 1.6GHz,2GB,32GB Flash Storage,Intel HD Graphics 400,Windows 10,1.17kg
1301,Asus,X556UJ-XO044T (i7-6500U/4GB/500GB/GeForce,Notebook,15.6,1366x768,Intel Core i7 6500U 2.5GHz,4GB,500GB HDD,Nvidia GeForce 920M,Windows 10,2.2kg
1302,Lenovo,Yoga 500-14ISK,2 in 1 Convertible,14.0,IPS Panel Full HD / Touchscreen 1920x1080,Intel Core i7 6500U 2.5GHz,4GB,128GB SSD,Intel HD Graphics 520,Windows 10,1.8kg
1303,Lenovo,Yoga 900-13ISK,2 in 1 Convertible,13.3,IPS Panel Quad HD+ / Touchscreen 3200x1800,Intel Core i7 6500U 2.5GHz,16GB,512GB SSD,Intel HD Graphics 520,Windows 10,1.3kg
1304,Lenovo,IdeaPad 100S-14IBR,Notebook,14.0,1366x768,Intel Celeron Dual Core N3050 1.6GHz,2GB,64GB Flash Storage,Intel HD Graphics,Windows 10,1.5kg
1305,HP,15-AC110nv (i7-6500U/6GB/1TB/Radeon,Notebook,15.6,1366x768,Intel Core i7 6500U 2.5GHz,6GB,1TB HDD,AMD Radeon R5 M330,Windows 10,2.19kg
1306,Asus,X553SA-XX031T (N3050/4GB/500GB/W10),Notebook,15.6,1366x768,Intel Celeron Dual Core N3050 1.6GHz,4GB,500GB HDD,Intel HD Graphics,Windows 10,2.2kg
1307,Asus,ZenBook UX305CA-UBM1,Ultrabook,13.3,IPS Panel Full HD 1920x1080,Intel Core M 6Y30 0.9GHz,8GB,512GB SSD,Intel HD Graphics 515,Windows 10,1.2kg
1308,Dell,Inspiron 3567,Notebook,15.6,1366x768,Intel Core i3 7100U 2.4GHz,6GB,1TB HDD,Intel HD Graphics 620,Windows 10,2.3kg
1309,Acer,Aspire ES1-531,Notebook,15.6,1366x768,Intel Celeron Dual Core N3060 1.6GHz,4GB,500GB HDD,Intel HD Graphics 400,Linux,2.4kg
1310,Dell,Inspiron 3552,Notebook,15.6,1366x768,Intel Celeron Dual Core N3050 1.6GHz,2GB,500GB HDD,Intel HD Graphics,Windows 10,2.20kg
1311,Lenovo,IdeaPad Y700-15ISK,Notebook,15.6,IPS Panel Full HD 1920x1080,Intel Core i7 6700HQ 2.6GHz,8GB,1TB HDD,Nvidia GeForce GTX 960M,Windows 10,2.6kg
1312,HP,Pavilion 15-AW003nv,Notebook,15.6,Full HD 1920x1080,AMD A9-Series 9410 2.9GHz,6GB,1.0TB Hybrid,AMD Radeon R7 M440,Windows 10,2.04kg
1313,Dell,Inspiron 3567,Notebook,15.6,1366x768,Intel Core i7 7500U 2.7GHz,8GB,1TB HDD,AMD Radeon R5 M430,Linux,2.3kg
1314,HP,Stream 11-Y000na,Netbook,11.6,1366x768,Intel Celeron Dual Core N3060 1.6GHz,2GB,32GB Flash Storage,Intel HD Graphics 400,Windows 10,1.17kg
1315,Asus,X556UJ-XO044T (i7-6500U/4GB/500GB/GeForce,Notebook,15.6,1366x768,Intel Core i7 6500U 2.5GHz,4GB,500GB HDD,Nvidia GeForce 920M,Windows 10,2.2kg
1316,Lenovo,Yoga 500-14ISK,2 in 1 Convertible,14.0,IPS Panel Full HD / Touchscreen 1920x1080,Intel Core i7 6500U 2.5GHz,4GB,128GB SSD,Intel HD Graphics 520,Windows 10,1.8kg
1317,Lenovo,Yoga 900-13ISK,2 in 1 Convertible,13.3,IPS Panel Quad HD+ / Touchscreen 3200x1800,Intel Core i7 6500U 2.5GHz,16GB,512GB SSD,Intel HD Graphics 520,Windows 10,1.3kg
1318,Lenovo,IdeaPad 100S-14IBR,Notebook,14.0,1366x768,Intel Celeron Dual Core N3050 1.6GHz,2GB,64GB Flash Storage,Intel HD Graphics,Windows 10,1.5kg
1319,HP,15-AC110nv (i7-6500U/6GB/1TB/Radeon,Notebook,15.6,1366x768,Intel Core i7 6500U 2.5GHz,6GB,1TB HDD,AMD Radeon R5 M330,Windows 10,2.19kg
1320,Asus,X553SA-XX031T (N3050/4GB/500GB/W10),Notebook,15.6,1366x768,Intel Celeron Dual Core N3050 1.6GHz,4GB,500GB HDD,Intel HD Graphics,Windows 10,2.2kg
